{
    "name": "oddCAM",
    "band": "i",
    "lambda_min": 975,
    "lambda_max": 1200,
    "resolution": 0.035,
    "psf": {
	"pix_x": 73,
	"pix_y": 73,
	"width": 2.959459,
	"height": 2.959459
    },
    "readout": 5,
    "wavelength": [
	330,340,350,360,370,380,390,400,410,420,430
    ],
    "throughput": [
	0.1,0.2,0.3,0.4,0.5,0.5,0.5,0.5,0.4,0.2,0.1
    ]
}
